apes	意味: 類人猿（チンパンジー・ゴリラなど）\n基本形: ape\nアクセント: āps\n類義語: primates, chimpanzees, great apes
capable of	意味: 〜することができる；〜の能力がある\n類義語: able to, competent in, having the ability to
communicate with one another	意味: 互いにコミュニケーションをとる\n類義語: interact with each other, exchange information, converse
abstract concepts	意味: 抽象的な概念\nアクセント: ĂB-străkt KŎN-sĕpts\n類義語: intangible ideas, theoretical notions, non-concrete ideas
immediate	意味: 直接の；即座の；現在の\nアクセント: ĭ-MĒ-dē-ĭt\n類義語: direct, instant, present
apparatus	意味: 器官；装置；機器\nアクセント: ăp-ə-RĀ-təs\n類義語: mechanism, equipment, system
a very limited range of vocal utterances	意味: 非常に限られた範囲の発声；わずかな音声表現\n類義語: restricted vocalizations, narrow range of sounds, limited vocal repertoire
primarily	意味: 主に；最初に；根本的に\nアクセント: prī-MĔR-ə-lē\n類義語: mainly, chiefly, predominantly
pitch	意味: 音の高さ；ピッチ；音程\nアクセント: pĭch\n類義語: tone, frequency, sound level
volume	意味: 音量；量；体積\nアクセント: VŎL-yəm\n類義語: loudness, intensity, level
variety of units	意味: さまざまな単位；多様な要素\n類義語: range of elements, diverse components, multiple units
loosely	意味: おおまかに；ゆるく；大まかに\nアクセント: LŪS-lē\n類義語: approximately, roughly, vaguely
correspond	意味: 対応する；一致する；文通する\nアクセント: kôr-ĭ-SPŎND\n類義語: match, relate, agree
vowel	意味: 母音\nアクセント: VOW-əl\n類義語: vowel sound, open sound, vocal sound
consonant sounds	意味: 子音の音\nアクセント: KŎN-sə-nənt\n類義語: consonants, non-vowel sounds, fricatives and stops
inherited	意味: 受け継がれた；遺伝的な；継承された\n基本形: inherit\nアクセント: ĭn-HĔR-ĭ-tĭd\n類義語: innate, inborn, genetically transmitted
at birth	意味: 生まれたときに；誕生時に\n類義語: from birth, upon being born, innately
interaction	意味: 相互作用；交流；やり取り\nアクセント: ĭn-tər-ĂK-shən\n類義語: exchange, communication, engagement
raised	意味: 育てられた；育った\n基本形: raise\nアクセント: rāzd\n類義語: brought up, nurtured, reared
fortunately	意味: 幸いにも；幸運にも\nアクセント: FÔR-chə-nĭt-lē\n類義語: luckily, thankfully, happily
brought up	意味: 育てられた；養育された\n類義語: raised, nurtured, reared
language-rich	意味: 言語が豊かな；言語刺激の多い\n類義語: linguistically stimulating, verbally enriched, communication-rich
acquire	意味: 習得する；身につける；取得する\nアクセント: ə-KWĪR\n類義語: learn, obtain, master
precisely	意味: 正確に；まさに；厳密に\nアクセント: prĭ-SĪS-lē\n類義語: exactly, accurately, specifically
conventional	意味: 慣習的な；従来の；一般的な\nアクセント: kən-VĔN-shən-əl\n類義語: traditional, customary, standard
defined	意味: 定義された；明確な\n基本形: define\nアクセント: dĭ-FĪND\n類義語: specified, established, determined
within	意味: 〜の中で；〜の範囲内で\nアクセント: wĭth-ĬN\n類義語: inside, in, among
accept	意味: 受け入れる；承認する；認める\nアクセント: ăk-SĔPT\n類義語: acknowledge, embrace, approve
